с багом знакомица? андрюша хуйки подгрузил уже|18 мая 2025 в 10:45|https://vk.com/wall-149218373_25986?reply=25988
он синор|9 сен 2023 в 9:25|https://vk.com/wall3956891_4429?reply=4453
"[id97540605|Таня], создание комплексов. истинное лицо психолога-ублюдка"|18 июн 2025 в 21:15|https://vk.com/wall-66894905_602335?reply=602590&thread=602351
BBBBBBBBBBBBBBBBBBBBBBBBBBBBBBBBBBBBBBBBBBBBBBBBZZZZZZZZZZZZZZZZZZZZZZZZZZZZZZZZZZZZZZZZZZZZZZZZZZZFFFFAAAAAAAAAAAAAAAAAAAAAAAAAAAAAAAAAAAAAAAAAA|23 окт 2021 в 4:08|https://vk.com/wall-160959246_92324?reply=92487
а ухо отрезал?|22 фев 2020 в 7:04|https://vk.com/wall-43521631_1266482?reply=1266587
👆 каждый пальчик знает свою п опочку|23 авг 2014 в 6:36|https://vk.com/wall68987676_3800?reply=3802
ща атакуем америку, потом тута пизданрем тама пизданем. пара тестов у психологов которые не знают о машине. пара реплик в офисе вк и все неделька чудненькая будет.  зарплата.|28 мая 2023 в 13:38|https://vk.com/wall68987676_13621?reply=13640
"[id193216013|Алексей], да, особенно после обеда бывало я в толчке спал минут 20"|25 авг 2017 в 15:32|https://vk.com/wall-29992264_102567?reply=102572
либо валяеться отпизженый над посольством|17 фев 2025 в 0:05|https://vk.com/wall-72495085_1478379?reply=1478520
политех|3 окт 2025 в 3:35|https://vk.com/wall-39191411_720370?reply=720372
утончонная|4 дек 2013 в 14:45|https://vk.com/wall68987676_2899?reply=2904
|14 июн 2020 в 1:46|https://vk.com/wall-18728724_239126?reply=239376
|30 дек 2018 в 13:29|https://vk.com/wall-99824335_65911?reply=65923
да пиздец, люди с ума сходят - и причом бох прикололся нормально - у меня можно на работе наблюдать это наяву, за чёрто спасибо бог - уи нихуя ана не пони маеш? [m]|13 апр 2012 в 3:37|https://vk.com/wall68987676_1606?reply=1777
"[id14245393|Дмитрий], это случайно с ть"|24 дек 2017 в 1:31|https://vk.com/wall-21598534_201383?reply=201392
как это не упал|22 фев 2020 в 1:29|https://vk.com/wall-30315369_406712?reply=406872
"[id525781812|Ег], еще нет. еще не вставлена директива главная"|18 янв 2019 в 10:50|https://vk.com/wall-134594172_22821?reply=22826&thread=22824
у мня нету от тебя смс они в фсб уехали|2 авг 2019 в 13:45|https://vk.com/wall547506125_621?reply=629&thread=625
дам центром по нижней|23 авг 2014 в 4:45|https://vk.com/wall-40339836_1133038?reply=1133728
"[id83237524|Ольга], да и не про атомную войну я говорил, она же будет последняя а потом опять эволюция"|24 июл 2017 в 23:25|https://vk.com/wall-21598534_183272?reply=183356
мужики!|18 июн 2025 в 20:26|https://vk.com/wall-216965535_130538?reply=130638
"[id6476833|Алексей], я не спец в рандоме, но знаю что в лабораториях скорее поставят линукс это да"|19 авг 2018 в 13:16|https://vk.com/wall-72495085_857914?reply=858258
жиза ваще|16 мар 2017 в 1:20|https://vk.com/wall-58297919_35320?reply=35324
не разогнаца с такими перебоями поставок|30 апр 2025 в 0:49|https://vk.com/wall-182457941_25518?reply=25578
возбудилось уголовное дело|20 июн 2019 в 12:51|https://vk.com/wall-35632477_87914?reply=87928
"[id445551506|Багбир], пиздец ты извращенец. ты ебанутый?"|4 ноя 2017 в 22:48|https://vk.com/wall-95927518_1803368?reply=1804043
лебедев гнида нестрижена|17 июн 2013 в 9:20|https://vk.com/wall18425009_39315?reply=39343
откуда вынули её|20 сен 2025 в 21:50|https://vk.com/wall-214038473_30998?reply=31047
вы сами так сделали пожинайте|20 авг 2022 в 20:11|https://vk.com/wall68987676_11775?reply=11799
Ебанутая|21 фев 2015 в 20:08|https://vk.com/wall253839477_13?reply=2063
"зачем бросать наркотики если ""лечение"" убивает все больше и больше здоровья по мере увеличения даты неприема а не наоборот? а, это лечение? а кому это выгодно? можно юзать раз а неделю так я хотябы пиздить вас могу. вы же и ваши приближенные олухи считают что рембо то я в соляге. нет, просто приходица каждый день анализировать вашу ебаную машину совмещая это с вашим ебаным клопиксолом и галоперидолом, закидываясь сероквельем. ебаные читеры, я вам уже писал. нахуй тут жить."|17 ноя 2023 в 6:23|https://vk.com/wall-123553318_1363?reply=1373
|23 фев 2017 в 1:59|https://vk.com/wall-69371352_1652834?reply=1654345
"[id110634732|Алексей], во всякой пизде"|23 ноя 2017 в 10:05|https://vk.com/wall-95927518_1845376?reply=1846043
ясно спс|21 июл 2017 в 8:41|https://vk.com/wall-40648265_35004?reply=35042
типа я такой хуёвый =)|11 мая 2012 в 10:38|https://vk.com/wall2487753_5842?reply=5848
орюкзак кожаный 200руб - https://skrinshoter.ru/sXgUE8V4PWV|19 сен 2025 в 5:39|https://vk.com/wall68987676_18486?reply=19093
|17 окт 2018 в 21:39|https://vk.com/wall-63708206_276746?reply=276748
Евгений получает шанс прыжка - смотрим сможет ли он продержаца больше свистящего анархиста-армянина. Все на свои места пожалуста Евгений займите место в капсуле|25 июн 2016 в 20:00|https://vk.com/wall-69371352_1188309?reply=1188819
ну чо я был занят как ТАМ про ц е сс ее ?|28 дек 2024 в 21:35|https://vk.com/wall68987676_16562?reply=16576
"[id488508748|Daman], почему нет то"|9 окт 2018 в 11:52|https://vk.com/wall-79039403_189794?reply=189802
так всё мы запутались дайте павалят с а|15 авг 2024 в 19:48|https://vk.com/wall68987676_15969?reply=15984
"[id420503956|Милана], а может и не исполниться"|29 мар 2017 в 19:12|https://vk.com/wall-69371352_1723301?reply=1723310
да насрать на этого ребенка|29 июл 2018 в 14:46|https://vk.com/wall-25280329_196231?reply=196239
"[id108608761|Иван], спс"|10 янв 2018 в 17:56|https://vk.com/wall-95927518_1952243?reply=1952306
как и в позапрошлой в принципе|16 дек 2018 в 22:16|https://vk.com/wall-3855883_71190?reply=71191
любовь такое чуство что его разьебать очень сложно в последствии..|2 фев 2012 в 19:10|https://vk.com/wall514021_1161?reply=1162
а у меня райзенннннннннннн пиздец выебал всех перформансом (который мне ща уменьшат)|18 мая 2025 в 2:08|https://vk.com/wall-173708783_325962?reply=326124
|7 июн 2020 в 17:36|https://vk.com/wall-60465354_65183?reply=65192
да я понимаю|17 апр 2020 в 12:13|https://vk.com/wall-87030099_24343?reply=24346&thread=24344
ясно-хул япон. я-пон: систем эктив эй т-д!|13 апр 2012 в 18:18|https://vk.com/wall68987676_1929?reply=1936
Сумму отьебать.|7 дек 2024 в 22:05|https://vk.com/wall-94076846_5984204?reply=5986109
"[id46763159|Алиса], так что то что ты слепая - твои только проблемы"|23 авг 2014 в 6:43|https://vk.com/wall-40339836_1132771?reply=1133831
"[id138609840|Андрей], лол криворук"|18 дек 2018 в 16:52|https://vk.com/wall-72495085_891873?reply=892193&thread=892192
основание тока для BC нужно|2 окт 2014 в 9:21|https://vk.com/wall-69371352_63820?reply=64070
"[id220617968|Flying], я более о том что хватит повторять тупые шутк 5летней давности которые слышиш от каждого первого"|20 авг 2018 в 10:55|https://vk.com/wall-132715180_61707?reply=61899
3 16|3 июл 2012 в 19:25|https://vk.com/wall68987676_2581?reply=2592
"[id50967840|Андрей], и щаз такие есть, просто на вершине популярности говнокод троянов от 16 летних ""программистов"""|9 янв 2018 в 15:37|https://vk.com/wall-81574241_63037?reply=63048
"[id210580457|Владимир], еще по краям где 2 пикселя , а , педики"|18 мая 2025 в 7:57|https://vk.com/wall-144877773_114997?reply=115188&thread=115016
бутылку то менять надо иногода. вроде так говорят|2 янв 2019 в 8:26|https://vk.com/wall-134594172_21079?reply=21120
поччти|30 авг 2019 в 23:15|https://vk.com/wall-174351493_8613?reply=8619
ну хорошо что хотя бы приходит. просто есть же еще бараны|23 апр 2025 в 17:15|https://vk.com/wall-72495085_1484515?reply=1485146
"[id307463137|Никита],"|21 апр 2018 в 11:12|https://vk.com/wall-72264719_36462?reply=36466
пидор|12 мар 2023 в 13:53|https://vk.com/wall-149367215_421319?reply=421712
Ожидание обмана...|28 июл 2020 в 20:58|https://vk.com/wall-72495085_1135556?reply=1135615
который обойти пара секунд|21 июл 2017 в 12:09|https://vk.com/wall-73013298_204945?reply=204947
пробегая м и мо|29 мая 2023 в 18:58|https://vk.com/wall68987676_13749?reply=13764
рабируйте блять|23 апр 2023 в 1:50|https://vk.com/wall68987676_13310?reply=13391
"[id151060955|Тимур], ты заплетак то закрой свой"|28 окт 2016 в 9:02|https://vk.com/wall-92879038_495903?reply=496033
비|21 фев 2020 в 17:39|https://vk.com/wall-123553318_799?reply=808
йа чо должен два раза павтарядь?|3 сен 2022 в 1:22|https://vk.com/wall68987676_11818?reply=11862
4|20 сен 2018 в 13:11|https://vk.com/wall-147720339_3499260?reply=3507598
нн аматеур рэ д ио|27 июн 2014 в 11:39|https://vk.com/wall68987676_3597?reply=3616
"[id387754913|Леонид], скорее всего последнее"|28 ноя 2017 в 15:20|https://vk.com/wall-146729859_8563?reply=8576
куэму с аббатычем ща ж опы взорву т на сценерус +b *@mastah.vault13.biz -oooo mastah mastah mastah mastah kick mastha|17 июн 2023 в 9:33|https://vk.com/wall68987676_14076?reply=14078
|23 авг 2014 в 4:16|https://vk.com/wall-36507793_9757?reply=10130
"[id305213969|Тимофей], как ты заебал уже нахуй"|21 фев 2017 в 14:48|https://vk.com/wall-69371352_1649783?reply=1650646
тяжелая работа с трупами вообще какаято непонятная ситуация. сама идея обязательного закапывания какимито корянми уходит в средневековье при чуме|26 мар 2025 в 3:26|https://vk.com/wall-66894905_571208?reply=571380
"[id6238258|Пашка], они дали им\"|18 мая 2025 в 21:39|https://vk.com/wall-43521631_1346913?reply=1346935&thread=1346917
две секунды назад|30 ноя 2011 в 10:34|https://vk.com/wall2487753_4439?reply=4443
ай погадай|31 мая 2016 в 9:59|https://vk.com/wall4904320_9548?reply=9550
непонимаю почему линуксоиды не врубают сразу все экспериментальные фичи в ядре, можно ведь реально доминировать над каналом когда все включено|1 сен 2018 в 23:46|https://vk.com/wall-72495085_861730?reply=861904
поносить стартирую послезавтра в 16:00|16 авг 2024 в 0:58|https://vk.com/wall-124369837_398?reply=400
ду ю лай к|16 дек 2019 в 23:30|https://vk.com/wall68987676_8394?reply=8409
как и твоя панель управления 19 века|27 июн 2024 в 14:57|https://vk.com/wall-20744542_2094046?reply=2094410&thread=2094315
когда обьясняеш что у тебя мак и вирусов у тебя нет.  потому что нахуй ты никому не нужен|30 мая 2020 в 1:45|https://vk.com/wall-192779261_90430?reply=90454
"[id42203518|Vladimir], я посылаю"|21 авг 2019 в 18:46|https://vk.com/wall-30666517_1620222?reply=1620233&thread=1620229
это не мое анимэ|24 авг 2024 в 17:14|https://vk.com/wall-160959246_101428?reply=101449
"[id54450526|Павел], можно долго рассуждать на эту тему, но я как программист понимаю различия между био и не био, однако компьютеры вычисляют мгновенно до милиона вычислений в секунду, а может ли это мозг?"|28 дек 2016 в 17:50|https://vk.com/wall-90186375_7672?reply=7697
"[id672193718|Дэниел], через которых нужно пройти и больше не будет у нас маленького малдера"|12 янв 2025 в 22:26|https://vk.com/wall-212679318_41802?reply=41805&thread=41804
да этто ваще пизда!!!!Я ТАК РЖАЛ|13 янв 2012 в 21:42|https://vk.com/wall1752601_5479?reply=5484
"[id120096086|Василий], а че есть"|9 дек 2018 в 4:14|https://vk.com/wall-147307303_43457?reply=43463&thread=43459
⚕|4 ноя 2017 в 23:38|https://vk.com/wall-123553318_101?reply=104
жиза пиздец|21 мая 2018 в 22:03|https://vk.com/wall-132652649_93321?reply=93328
"[id415260043|Андрей], я из бокситов"|17 янв 2019 в 16:18|https://vk.com/wall-143503361_122613?reply=122658&thread=122614
спасибо игорян)))|17 мая 2012 в 13:05|https://vk.com/wall68987676_2180?reply=2181
"[id544427419|Мария], мария ты как всегда йобнулас, мк ультра это юс создание для теста наркоты на людях. каким образом через ток и избиения ввести в транс наверно только твой начальник знает. передай ему что на ферме его отьебут мои последователи"|6 июл 2025 в 16:01|https://vk.com/wall-206707842_21359?reply=21962&thread=21558
"[id4427135|Евгений], прочти эту сначала. там не про просто язык пхп но и про средства разарботки, современные"|2 ноя 2017 в 20:03|https://vk.com/wall-72264719_23156?reply=23167
в макс рубился. ща не играю. повреждения, но скоро подлечусь годика через 5|25 июл 2014 в 22:47|https://vk.com/wall-55307799_204570?reply=205349
фу жинсы|25 ноя 2018 в 5:20|https://vk.com/wall-150829605_41896?reply=42051
"[id440100187|Твой], ну а чо ты хотел, все что запрещено ценники можно на три умножать"|13 сен 2018 в 10:41|https://vk.com/wall-147307303_32219?reply=32238
обнаружена обезьяна|16 апр 2020 в 16:14|https://vk.com/wall-43521631_1272281?reply=1272314
фу|28 фев 2020 в 18:24|https://vk.com/wall-30666517_1655880?reply=1655881
*💱|9 июн 2025 в 0:38|https://vk.com/wall-216965535_128321?reply=128339
прыгай в коляску если абориген с тобой|24 мар 2020 в 9:21|https://vk.com/wall-56769815_41420?reply=41425
"[id265069828|Роман], мне 7"|18 мая 2025 в 23:30|https://vk.com/wall-175750148_43462?reply=45154&thread=43504
видимо проблема в запросе|3 сен 2025 в 13:11|https://vk.com/wall-149218373_26491?reply=26492
|25 июн 2016 в 17:22|https://vk.com/wall163795804_3382?reply=4066
0) cпизжевание офисной техники 1) выпайка незаметных чипов|29 фев 2020 в 3:15|https://vk.com/wall-46453123_182725?reply=182855
😍|24 июл 2020 в 23:16|https://vk.com/wall68987676_9925?reply=9935
релизнул ось|1 янв 2022 в 21:51|https://vk.com/wall68987676_11288?reply=11291
пиздец прет когото походу ахуенно|1 сен 2014 в 15:49|https://vk.com/wall-71566249_9081?reply=9082
дагестанцы это ублюдки|11 авг 2017 в 17:47|https://vk.com/wall-29992264_101810?reply=101816
рука дрогнула|9 сен 2018 в 7:41|https://vk.com/wall-77221864_258263?reply=258290
а где синклер и спекрум, примечательно что в нашей стране им чаще пользовались нежели теми что на пикче|2 мар 2017 в 11:31|https://vk.com/wall-81574241_36144?reply=36145
"[id629736383|Александр], я заняд"|11 фев 2025 в 12:20|https://vk.com/wall-94076846_6026227?reply=6026271&thread=6026262
Запись уд але на.|24 дек 2018 в 23:09|https://vk.com/wall68987676_6507?reply=6513
"Показать следующие логи оскорблений от путина и его купленых бензиновой зарплатой и ненавистью у всего ""анти-ру-мира"" за рпл ат о й"|22 авг 2025 в 7:04|https://vk.com/wall68987676_18486?reply=18787
лебедев гнида молодая хорошо подстриженая|24 июн 2013 в 16:05|https://vk.com/wall18425009_39665?reply=39678
он одновременно преследовил и поджидал у дверей. а бля это же тесты скоро бапки уже перечислят еееее|18 мая 2025 в 21:40|https://vk.com/wall-43521631_1346875?reply=1346938
"[id106223835|Павел], тут мы расходимся потому что когда творят это уже не работа, естественно работать никто не любит и идей на работе 99% работникам не надо придумывать. Когда твориш это уже совсем другое, за это как правило деньги не получают"|26 мая 2016 в 15:09|https://vk.com/wall-36507793_130921?reply=130955
люди с такими фамилиями всегда копируют, странно что это было неожиданностью|4 дек 2017 в 23:21|https://vk.com/wall-10933209_231580?reply=231581
-так блять эт комната со старыми. монитор ами даун|15 окт 2022 в 14:59|https://vk.com/wall68987676_12157?reply=12198
Виталий похоже что смог уничтожить остатки за пи с ей|19 мая 2012 в 13:12|https://vk.com/wall-24459974_11862?reply=12192
хотя статья на рамблере выглядит конечно как децкий лепет)|29 сен 2011 в 13:18|https://vk.com/wall-2486043_1811?reply=1815
ну эт химиком надо родитса на волтаре. с волтарианкой посмаковать симд-4|29 мая 2023 в 7:59|https://vk.com/wall-123553318_1240?reply=1271
нучо артёма, бох твой помоему раздолбанный на конюшнях валяеца|16 дек 2011 в 15:09|https://vk.com/wall-2486043_1938?reply=1961
я разьебу любую|25 янв 2020 в 9:59|https://vk.com/wall-72495085_1057482?reply=1057502
|14 апр 2019 в 9:05|https://vk.com/wall-123553318_624?reply=625
два раза и без ошибок->сейчас он снимает мальчишек в леггинсах, как докладывает верхнему, а на самом деле подпирает промпт на это штож . психология пассивна так|18 сен 2025 в 19:39|https://vk.com/wall68987676_18912?reply=19001
"[id178053908|Василий], твой землянин-абезьян нин"|31 дек 2018 в 18:00|https://vk.com/wall-144877773_15428?reply=15432&thread=15431
да вот нихуя|1 дек 2011 в 13:14|https://vk.com/wall2487753_4451?reply=4455
с такой фамилией я бы тож|9 сен 2018 в 14:34|https://vk.com/wall-25280329_202321?reply=202323
Сжечь.|22 июл 2025 в 6:54|https://vk.com/wall68987676_18376?reply=18386
"[id2233982|Констанций], да."|12 дек 2017 в 0:05|https://vk.com/wall-95927518_1886397?reply=1886503
денисовские человеки|19 ноя 2022 в 23:47|https://vk.com/wall68987676_12498?reply=12536
она ща тока в стиме вроде, а его у меня нет|31 мая 2015 в 15:20|https://vk.com/wall-51092629_4520?reply=4525
اةأ|30 дек 2021 в 2:28|https://vk.com/wall68987676_11211?reply=11216
|1 дек 2017 в 15:32|https://vk.com/wall-123553318_230?reply=233
прикл|26 фев 2020 в 2:25|https://vk.com/wall-144037536_133188?reply=133282
"[id852742361|Анна], неосознанный инпут"|18 сен 2025 в 22:52|https://vk.com/wall-460389_15641701?reply=15644148&thread=15642559
но цениики маленькие, да и группа небольшая кто купить может. всетаки дети|23 апр 2020 в 14:15|https://vk.com/wall-72495085_1092466?reply=1092525&thread=1092469
"[id228572418|Марина], да. но будеш плохо себя вести опять встретимся"|16 дек 2014 в 11:36|https://vk.com/wall-59021253_14805?reply=15083
агата пойзоновна|29 дек 2012 в 21:49|https://vk.com/wall129244038_2297?reply=33801
есть два момента: управляемый и когда отсутствует работа в L1 кеше|1 мая 2020 в 3:23|https://vk.com/wall8881535_40375?reply=42487
ням-ням|1 сен 2018 в 1:12|https://vk.com/wall82764433_1112?reply=9988
вот взять например фсб. и вроде не делают они ничего такого, ну мусорщик и мусорщик у него жена дома он не хочет домой идти. а другие фсбшники которые там связь мне портят, заказывают через свои хайтек отделы спицы в стексы мне вставляют. и хочу я ща 5 минут смияцца.|8 июн 2024 в 22:35|https://vk.com/wall68987676_15694?reply=15712
казнить нельзя, отсканить|31 окт 2023 в 15:40|https://vk.com/wall-160959246_99758?reply=99857
|6 мая 2017 в 23:40|https://vk.com/wall-69371352_1780119?reply=1780664
Мне нравятца|27 мая 2014 в 13:22|https://vk.com/wall68987676_3260?reply=3262
это не анимэ|26 авг 2020 в 22:27|https://vk.com/wall68987676_10144?reply=10168
"[id68987676|Ергей], опять дрочиш"|1 дек 2017 в 15:32|https://vk.com/wall-123553318_228?reply=234
и все молчат|13 авг 2019 в 17:27|https://vk.com/wall-79039403_217236?reply=217240
АХААхахах|16 окт 2022 в 2:27|https://vk.com/wall-190247691_312359?reply=313001
✔|26 фев 2020 в 17:23|https://vk.com/wall68987676_8913?reply=8918
в пекин из амстердама?|8 авг 2019 в 17:43|https://vk.com/wall-99353432_114172?reply=114547
"[id600397984|Mr], PPP - PAY PER PAGE"|13 мар 2025 в 21:18|https://vk.com/wall-196850046_133263?reply=133539&thread=133511
хочеш поигать со мной даа хочеш по играть со м ной|26 ноя 2019 в 8:45|https://vk.com/wall68987676_8340?reply=8349
|13 мая 2020 в 23:21|https://vk.com/wall68987676_9497?reply=9512&thread=9502
"[id391952612|Инна], а если проверю"|23 сен 2017 в 8:00|https://vk.com/wall-72605916_593261?reply=593371
"[id15915181|Евгений], а к чему ты это?"|5 янв 2018 в 13:43|https://vk.com/wall-30666517_1515242?reply=1515250
|20 мая 2017 в 15:43|https://vk.com/wall-69371352_1799905?reply=1799914
🛒|16 дек 2019 в 4:08|https://vk.com/wall68987676_8390?reply=8392
и что это за бред?|24 ноя 2017 в 6:53|https://vk.com/wall-95927518_1847838?reply=1847844
"[id355815901|Anaki], хватит это терпеть!"|10 мая 2016 в 13:29|https://vk.com/wall-78937859_2649941?reply=2649978
вот пиздец бля я хуею нахуй с тебя а ща  яне бред несу? чоты у молк?|19 мая 2012 в 12:53|https://vk.com/wall-24459974_12114?reply=12163
"[id145364250|Тимур], ты начал про инвалидов, я продолжил, щаз ты уже про диалог какойто говориш"|22 июн 2016 в 17:38|https://vk.com/wall-118405465_25197?reply=25867
"[id431393140|Елена], ?!?!!??!"|10 июн 2023 в 16:21|https://vk.com/wall-147048985_339140?reply=339410&thread=339276
вот какя же жиза, прямо жизелла (у когото)|5 ноя 2017 в 1:01|https://vk.com/wall68987676_5239?reply=5241
есть отодвинуть илюминаторы|22 окт 2018 в 11:27|https://vk.com/wall68987676_5947?reply=6066
"[id98554294|Михайло], <net.axis9.wars.CustomDrawableView  android:layout_width=""match_parent""  android:layout_height=""match_parent""  />"|7 фев 2015 в 0:06|https://vk.com/wall-25438516_17917?reply=17986
меня заебали предложения стать складом и кладменом. но это хуйня. по большей части меня заебала эта тупая психушкина машина, секретски и император путин|5 авг 2025 в 21:31|https://vk.com/wall-94076846_6102165?reply=6102489&thread=6102179
нет остальное время в кс ебашился )|30 апр 2012 в 16:01|https://vk.com/wall68987676_2055?reply=2070
компорт моргенштерна|28 окт 2024 в 14:15|https://vk.com/wall-178158825_252986?reply=321699
"[id341390891|Александр], пиздец ты извращенец"|6 окт 2017 в 11:47|https://vk.com/wall-95927518_1736250?reply=1736296
много вас?|3 дек 2022 в 10:14|https://vk.com/wall184619140_21585?reply=21592
1OQUV|16 июн 2019 в 8:25|https://vk.com/wall68987676_7588?reply=7590
"<blockquote class=""twitter-tweet"" data-lang=""en""><p lang=""en"" dir=""ltr"">!! ℝ 𝕋 𝕋 ℍ 𝕀 𝕊 𝕃 𝕌 ℂ 𝕂 𝕐 ℝ 𝕌 𝔹 𝔹 𝔼 ℝ ℂ ℍ 𝕀 ℂ 𝕂 𝔼 ℕ 𝕋 𝕆 ℙ 𝔸 𝕊 𝕊 𝔸 𝕃 𝕃 𝕆 𝔽 𝕐 𝕆 𝕌 ℝ 𝕊 𝕌 𝔹 𝕁 𝔼 ℂ 𝕋 𝕊 𝕋 ℍ 𝕀 𝕊 𝕊 . 𝕐 . !! <a href=""https://t.co/pVGyrhf3fR"">pic.twitter.com/pVGyrhf3fR</a></p>&mdash; 尺 ﾉ ﾒ (@juliboi_twt) <a href=""https://twitter.com/juliboi_twt/status/1028525674225516544?ref_src=twsrc%5Etfw"">August 12, 2018</a></blockquote>  <script async src=""https://platform.twitter.com/widgets.js"" charset=""utf-8""></script>"|24 дек 2018 в 23:53|https://vk.com/wall68987676_6500?reply=6524
через сек ретн ы е службы|11 апр 2025 в 18:59|https://vk.com/wall68987676_17268?reply=17284
"[id506715215|Максим], данее"|11 дек 2018 в 19:00|https://vk.com/wall-147307303_43724?reply=43733&thread=43725
|31 мая 2020 в 9:35|https://vk.com/wall-132658506_1572855?reply=1573853
"[id30496854|Тёма], не, я ща домой уже. а там уже другая форма будет. будем сраца короче. вы будете хуйню свою поливать на меня психологически-так-умно закрученную а я делать вид что играю с вами (хотя на самом деле играю с собой потому что засосал того чувак который говорил что я якобы - отражаю его реально ст ь)"|30 окт 2017 в 18:59|https://vk.com/wall-95927518_1790898?reply=1790979
играйте https://prnt.sc/n7ngjw|5 апр 2019 в 2:55|https://vk.com/wall-143503361_350955?reply=350970
жиза ваще|2 фев 2017 в 22:21|https://vk.com/wall-58297919_33088?reply=33208
хуяс|23 авг 2025 в 1:13|https://vk.com/wall-122196067_1203835?reply=1204075
лебедев - гнида ебаная волосатая|6 мая 2013 в 12:56|https://vk.com/wall18425009_35354?reply=35468
вычесливая технику|20 сен 2018 в 4:24|https://vk.com/wall-63708206_275744?reply=275806
на каком основании вы меня за де ржите|21 июл 2025 в 23:24|https://vk.com/wall-460389_15523975?reply=15534612
планирую контратаку на антона ромашкова, у кого есть план сообщайте мне его по вашей переносной наземной составляющей для разговоров с начальством и запроса авиа под де ржи|1 сен 2018 в 18:52|https://vk.com/wall-46252034_252257?reply=252280
"[id356697279|Георг], гитлер тебе пизды бы"|23 ноя 2017 в 1:31|https://vk.com/wall-58297919_45597?reply=45606
нуда судя по названию групы тут реклама летних кайфцов капроходит =))|13 мая 2012 в 21:09|https://vk.com/wall-31819422_24048?reply=24512
хач с максом|22 авг 2025 в 5:26|https://vk.com/wall-460389_15579754?reply=15589160
но сек с ж е наказан ие|1 янв 2022 в 13:57|https://vk.com/wall-203906825_5436?reply=5580
а потом што был о|1 сен 2018 в 18:38|https://vk.com/wall-3855883_55864?reply=55868
"[id395052843|Ляззат], ну ок. ты коком работаеш на подводке?"|26 мая 2018 в 4:35|https://vk.com/wall395052843_1?reply=113
ищо|20 ноя 2022 в 1:12|https://vk.com/wall-160959246_96947?reply=96954
тимати бох|21 окт 2011 в 20:40|https://vk.com/wall12326893_2783?reply=2798
у мну 400|26 июн 2025 в 8:33|https://vk.com/wall-66894905_604391?reply=606363
almost done|25 ноя 2019 в 22:38|https://vk.com/wall68987676_8312?reply=8330
<So I|30 авг 2019 в 23:17|https://vk.com/wall547506125_832?reply=868
всё, заебал|17 сен 2022 в 15:03|https://vk.com/wall184619140_21434?reply=21475
